region,size(GB),VPU,max_iops,max_throughput(MBps),price($/h),daily_price,weekly_price,monthly_price(730h)
af-south-1,30,0,60,7,0.0043,0.1,0.72,3.14
af-south-1,30,10,1800,14,0.0043,0.1,0.72,3.14
af-south-1,30,20,2250,17,0.0043,0.1,0.72,3.14
af-south-1,30,120,6750,52,0.0377,0.9,6.33,27.52
af-south-1,200,0,400,46,0.0287,0.69,4.82,20.94
af-south-1,200,10,12000,93,0.1088,2.61,18.28,79.44
af-south-1,200,20,15000,117,0.1355,3.25,22.77,98.94
af-south-1,200,120,45000,351,0.4189,10.05,70.37,305.78
af-south-1,1000,0,2000,234,0.1512,3.63,25.41,110.41
af-south-1,1000,10,50000,468,0.5865,14.08,98.54,428.17
af-south-1,1000,20,50000,585,0.5949,14.28,99.95,434.3
af-south-1,1000,120,50000,680,0.6018,14.44,101.1,439.28
ap-east-1,30,0,60,7,0.0043,0.1,0.73,3.17
ap-east-1,30,10,1800,14,0.0043,0.1,0.73,3.17
ap-east-1,30,20,2250,17,0.0043,0.1,0.73,3.17
ap-east-1,30,120,6750,52,0.0382,0.92,6.42,27.92
ap-east-1,200,0,400,46,0.0289,0.69,4.86,21.12
ap-east-1,200,10,12000,93,0.1103,2.65,18.53,80.52
ap-east-1,200,20,15000,117,0.1374,3.3,23.09,100.32
ap-east-1,200,120,45000,351,0.425,10.2,71.4,310.25
ap-east-1,1000,0,2000,234,0.1525,3.66,25.63,111.36
ap-east-1,1000,10,50000,468,0.5944,14.27,99.86,433.91
ap-east-1,1000,20,50000,585,0.6029,14.47,101.28,440.09
ap-east-1,1000,120,50000,680,0.6097,14.63,102.43,445.1
ap-northeast-1,30,0,60,7,0.0039,0.09,0.66,2.88
ap-northeast-1,30,10,1800,14,0.0039,0.09,0.66,2.88
ap-northeast-1,30,20,2250,17,0.0039,0.09,0.66,2.88
ap-northeast-1,30,120,6750,52,0.0348,0.83,5.84,25.38
ap-northeast-1,200,0,400,46,0.0263,0.63,4.42,19.2
ap-northeast-1,200,10,12000,93,0.1003,2.41,16.85,73.2
ap-northeast-1,200,20,15000,117,0.1249,3.0,20.99,91.2
ap-northeast-1,200,120,45000,351,0.3864,9.27,64.91,282.05
ap-northeast-1,1000,0,2000,234,0.1387,3.33,23.3,101.23
ap-northeast-1,1000,10,50000,468,0.5404,12.97,90.78,394.46
ap-northeast-1,1000,20,50000,585,0.5481,13.15,92.07,400.08
ap-northeast-1,1000,120,50000,680,0.5543,13.3,93.12,404.64
ap-northeast-2,30,0,60,7,0.0037,0.09,0.63,2.74
ap-northeast-2,30,10,1800,14,0.0037,0.09,0.63,2.74
ap-northeast-2,30,20,2250,17,0.0037,0.09,0.63,2.74
ap-northeast-2,30,120,6750,52,0.033,0.79,5.55,24.11
ap-northeast-2,200,0,400,46,0.025,0.6,4.2,18.24
ap-northeast-2,200,10,12000,93,0.0953,2.29,16.0,69.54
ap-northeast-2,200,20,15000,117,0.1187,2.85,19.94,86.64
ap-northeast-2,200,120,45000,351,0.367,8.81,61.66,267.95
ap-northeast-2,1000,0,2000,234,0.1317,3.16,22.13,96.17
ap-northeast-2,1000,10,50000,468,0.5133,12.32,86.24,374.74
ap-northeast-2,1000,20,50000,585,0.5207,12.5,87.47,380.08
ap-northeast-2,1000,120,50000,680,0.5266,12.64,88.47,384.41
ap-northeast-3,30,0,60,7,0.0039,0.09,0.66,2.88
ap-northeast-3,30,10,1800,14,0.0039,0.09,0.66,2.88
ap-northeast-3,30,20,2250,17,0.0039,0.09,0.66,2.88
ap-northeast-3,30,120,6750,52,0.0348,0.83,5.84,25.38
ap-northeast-3,200,0,400,46,0.0263,0.63,4.42,19.2
ap-northeast-3,200,10,12000,93,0.1003,2.41,16.85,73.2
ap-northeast-3,200,20,15000,117,0.1249,3.0,20.99,91.2
ap-northeast-3,200,120,45000,351,0.3864,9.27,64.91,282.05
ap-northeast-3,1000,0,2000,234,0.1387,3.33,23.3,101.23
ap-northeast-3,1000,10,50000,468,0.5404,12.97,90.78,394.46
ap-northeast-3,1000,20,50000,585,0.5481,13.15,92.07,400.08
ap-northeast-3,1000,120,50000,680,0.5543,13.3,93.12,404.64
ap-south-1,30,0,60,7,0.0037,0.09,0.63,2.74
ap-south-1,30,10,1800,14,0.0037,0.09,0.63,2.74
ap-south-1,30,20,2250,17,0.0037,0.09,0.63,2.74
ap-south-1,30,120,6750,52,0.033,0.79,5.55,24.11
ap-south-1,200,0,400,46,0.025,0.6,4.2,18.24
ap-south-1,200,10,12000,93,0.0953,2.29,16.0,69.54
ap-south-1,200,20,15000,117,0.1187,2.85,19.94,86.64
ap-south-1,200,120,45000,351,0.367,8.81,61.66,267.95
ap-south-1,1000,0,2000,234,0.1317,3.16,22.13,96.17
ap-south-1,1000,10,50000,468,0.5133,12.32,86.24,374.74
ap-south-1,1000,20,50000,585,0.5207,12.5,87.47,380.08
ap-south-1,1000,120,50000,680,0.5266,12.64,88.47,384.41
ap-south-2,30,0,60,7,0.0037,0.09,0.63,2.74
ap-south-2,30,10,1800,14,0.0037,0.09,0.63,2.74
ap-south-2,30,20,2250,17,0.0037,0.09,0.63,2.74
ap-south-2,30,120,6750,52,0.033,0.79,5.55,24.11
ap-south-2,200,0,400,46,0.025,0.6,4.2,18.24
ap-south-2,200,10,12000,93,0.0953,2.29,16.0,69.54
ap-south-2,200,20,15000,117,0.1187,2.85,19.94,86.64
ap-south-2,200,120,45000,351,0.367,8.81,61.66,267.95
ap-south-2,1000,0,2000,234,0.1317,3.16,22.13,96.17
ap-south-2,1000,10,50000,468,0.5133,12.32,86.24,374.74
ap-south-2,1000,20,50000,585,0.5207,12.5,87.47,380.08
ap-south-2,1000,120,50000,680,0.5266,12.64,88.47,384.41
ap-southeast-1,30,0,60,7,0.0039,0.09,0.66,2.88
ap-southeast-1,30,10,1800,14,0.0039,0.09,0.66,2.88
ap-southeast-1,30,20,2250,17,0.0039,0.09,0.66,2.88
ap-southeast-1,30,120,6750,52,0.0348,0.83,5.84,25.38
ap-southeast-1,200,0,400,46,0.0263,0.63,4.42,19.2
ap-southeast-1,200,10,12000,93,0.1003,2.41,16.85,73.2
ap-southeast-1,200,20,15000,117,0.1249,3.0,20.99,91.2
ap-southeast-1,200,120,45000,351,0.3864,9.27,64.91,282.05
ap-southeast-1,1000,0,2000,234,0.1387,3.33,23.3,101.23
ap-southeast-1,1000,10,50000,468,0.5404,12.97,90.78,394.46
ap-southeast-1,1000,20,50000,585,0.5481,13.15,92.07,400.08
ap-southeast-1,1000,120,50000,680,0.5543,13.3,93.12,404.64
ap-southeast-2,30,0,60,7,0.0039,0.09,0.66,2.88
ap-southeast-2,30,10,1800,14,0.0039,0.09,0.66,2.88
ap-southeast-2,30,20,2250,17,0.0039,0.09,0.66,2.88
ap-southeast-2,30,120,6750,52,0.0348,0.83,5.84,25.38
ap-southeast-2,200,0,400,46,0.0263,0.63,4.42,19.2
ap-southeast-2,200,10,12000,93,0.1003,2.41,16.85,73.2
ap-southeast-2,200,20,15000,117,0.1249,3.0,20.99,91.2
ap-southeast-2,200,120,45000,351,0.3864,9.27,64.91,282.05
ap-southeast-2,1000,0,2000,234,0.1387,3.33,23.3,101.23
ap-southeast-2,1000,10,50000,468,0.5404,12.97,90.78,394.46
ap-southeast-2,1000,20,50000,585,0.5481,13.15,92.07,400.08
ap-southeast-2,1000,120,50000,680,0.5543,13.3,93.12,404.64
ap-southeast-3,30,0,60,7,0.0039,0.09,0.66,2.88
ap-southeast-3,30,10,1800,14,0.0039,0.09,0.66,2.88
ap-southeast-3,30,20,2250,17,0.0039,0.09,0.66,2.88
ap-southeast-3,30,120,6750,52,0.0348,0.83,5.84,25.38
ap-southeast-3,200,0,400,46,0.0263,0.63,4.42,19.2
ap-southeast-3,200,10,12000,93,0.1003,2.41,16.85,73.2
ap-southeast-3,200,20,15000,117,0.1249,3.0,20.99,91.2
ap-southeast-3,200,120,45000,351,0.3864,9.27,64.91,282.05
ap-southeast-3,1000,0,2000,234,0.1387,3.33,23.3,101.23
ap-southeast-3,1000,10,50000,468,0.5404,12.97,90.78,394.46
ap-southeast-3,1000,20,50000,585,0.5481,13.15,92.07,400.08
ap-southeast-3,1000,120,50000,680,0.5543,13.3,93.12,404.64
ap-southeast-4,30,0,60,7,0.0039,0.09,0.66,2.88
ap-southeast-4,30,10,1800,14,0.0039,0.09,0.66,2.88
ap-southeast-4,30,20,2250,17,0.0039,0.09,0.66,2.88
ap-southeast-4,30,120,6750,52,0.0348,0.83,5.84,25.38
ap-southeast-4,200,0,400,46,0.0263,0.63,4.42,19.2
ap-southeast-4,200,10,12000,93,0.1003,2.41,16.85,73.2
ap-southeast-4,200,20,15000,117,0.1249,3.0,20.99,91.2
ap-southeast-4,200,120,45000,351,0.3864,9.27,64.91,282.05
ap-southeast-4,1000,0,2000,234,0.1387,3.33,23.3,101.23
ap-southeast-4,1000,10,50000,468,0.5404,12.97,90.78,394.46
ap-southeast-4,1000,20,50000,585,0.5481,13.15,92.07,400.08
ap-southeast-4,1000,120,50000,680,0.5543,13.3,93.12,404.64
ca-central-1,30,0,60,7,0.0036,0.09,0.61,2.64
ca-central-1,30,10,1800,14,0.0036,0.09,0.61,2.64
ca-central-1,30,20,2250,17,0.0036,0.09,0.61,2.64
ca-central-1,30,120,6750,52,0.0319,0.76,5.35,23.27
ca-central-1,200,0,400,46,0.0241,0.58,4.05,17.6
ca-central-1,200,10,12000,93,0.0919,2.21,15.44,67.1
ca-central-1,200,20,15000,117,0.1145,2.75,19.24,83.6
ca-central-1,200,120,45000,351,0.3542,8.5,59.5,258.54
ca-central-1,1000,0,2000,234,0.1271,3.05,21.36,92.8
ca-central-1,1000,10,50000,468,0.4953,11.89,83.22,361.59
ca-central-1,1000,20,50000,585,0.5024,12.06,84.4,366.74
ca-central-1,1000,120,50000,680,0.5081,12.19,85.36,370.92
ca-west-1,30,0,60,7,0.0036,0.09,0.61,2.64
ca-west-1,30,10,1800,14,0.0036,0.09,0.61,2.64
ca-west-1,30,20,2250,17,0.0036,0.09,0.61,2.64
ca-west-1,30,120,6750,52,0.0319,0.76,5.35,23.27
ca-west-1,200,0,400,46,0.0241,0.58,4.05,17.6
ca-west-1,200,10,12000,93,0.0919,2.21,15.44,67.1
ca-west-1,200,20,15000,117,0.1145,2.75,19.24,83.6
ca-west-1,200,120,45000,351,0.3542,8.5,59.5,258.54
ca-west-1,1000,0,2000,234,0.1271,3.05,21.36,92.8
ca-west-1,1000,10,50000,468,0.4953,11.89,83.22,361.59
ca-west-1,1000,20,50000,585,0.5024,12.06,84.4,366.74
ca-west-1,1000,120,50000,680,0.5081,12.19,85.36,370.92
eu-central-2,30,0,60,7,0.0047,0.11,0.79,3.43
eu-central-2,30,10,1800,14,0.0047,0.11,0.79,3.43
eu-central-2,30,20,2250,17,0.0047,0.11,0.79,3.43
eu-central-2,30,120,6750,52,0.0407,0.98,6.83,29.68
eu-central-2,200,0,400,46,0.0313,0.75,5.26,22.84
eu-central-2,200,10,12000,93,0.1176,2.82,19.75,85.84
eu-central-2,200,20,15000,117,0.1464,3.51,24.59,106.84
eu-central-2,200,120,45000,351,0.4517,10.84,75.89,329.75
eu-central-2,1000,0,2000,234,0.165,3.96,27.71,120.43
eu-central-2,1000,10,50000,468,0.634,15.22,106.51,462.79
eu-central-2,1000,20,50000,585,0.6431,15.43,108.04,469.48
eu-central-2,1000,120,50000,680,0.6506,15.61,109.29,474.9
eu-south-2,30,0,60,7,0.0036,0.09,0.61,2.64
eu-south-2,30,10,1800,14,0.0036,0.09,0.61,2.64
eu-south-2,30,20,2250,17,0.0036,0.09,0.61,2.64
eu-south-2,30,120,6750,52,0.0319,0.76,5.35,23.27
eu-south-2,200,0,400,46,0.0241,0.58,4.05,17.6
eu-south-2,200,10,12000,93,0.0919,2.21,15.44,67.1
eu-south-2,200,20,15000,117,0.1145,2.75,19.24,83.6
eu-south-2,200,120,45000,351,0.3542,8.5,59.5,258.54
eu-south-2,1000,0,2000,234,0.1271,3.05,21.36,92.8
eu-south-2,1000,10,50000,468,0.4953,11.89,83.22,361.59
eu-south-2,1000,20,50000,585,0.5024,12.06,84.4,366.74
eu-south-2,1000,120,50000,680,0.5081,12.19,85.36,370.92
il-central-1,30,0,60,7,0.0043,0.1,0.73,3.17
il-central-1,30,10,1800,14,0.0043,0.1,0.73,3.17
il-central-1,30,20,2250,17,0.0043,0.1,0.73,3.17
il-central-1,30,120,6750,52,0.0382,0.92,6.42,27.92
il-central-1,200,0,400,46,0.0289,0.69,4.86,21.12
il-central-1,200,10,12000,93,0.1103,2.65,18.53,80.52
il-central-1,200,20,15000,117,0.1374,3.3,23.09,100.32
il-central-1,200,120,45000,351,0.425,10.2,71.4,310.25
il-central-1,1000,0,2000,234,0.1525,3.66,25.63,111.36
il-central-1,1000,10,50000,468,0.5944,14.27,99.86,433.91
il-central-1,1000,20,50000,585,0.6029,14.47,101.28,440.09
il-central-1,1000,120,50000,680,0.6097,14.63,102.43,445.1
me-central-1,30,0,60,7,0.004,0.1,0.67,2.9
me-central-1,30,10,1800,14,0.004,0.1,0.67,2.9
me-central-1,30,20,2250,17,0.004,0.1,0.67,2.9
me-central-1,30,120,6750,52,0.0353,0.85,5.93,25.78
me-central-1,200,0,400,46,0.0265,0.64,4.46,19.36
me-central-1,200,10,12000,93,0.1017,2.44,17.09,74.26
me-central-1,200,20,15000,117,0.1268,3.04,21.3,92.56
me-central-1,200,120,45000,351,0.3925,9.42,65.93,286.5
me-central-1,1000,0,2000,234,0.1398,3.36,23.49,102.08
me-central-1,1000,10,50000,468,0.5481,13.15,92.08,400.1
me-central-1,1000,20,50000,585,0.5558,13.34,93.38,405.76
me-central-1,1000,120,50000,680,0.5621,13.49,94.44,410.36
me-south-1,30,0,60,7,0.004,0.1,0.67,2.9
me-south-1,30,10,1800,14,0.004,0.1,0.67,2.9
me-south-1,30,20,2250,17,0.004,0.1,0.67,2.9
me-south-1,30,120,6750,52,0.0353,0.85,5.93,25.78
me-south-1,200,0,400,46,0.0265,0.64,4.46,19.36
me-south-1,200,10,12000,93,0.1017,2.44,17.09,74.26
me-south-1,200,20,15000,117,0.1268,3.04,21.3,92.56
me-south-1,200,120,45000,351,0.3925,9.42,65.93,286.5
me-south-1,1000,0,2000,234,0.1398,3.36,23.49,102.08
me-south-1,1000,10,50000,468,0.5481,13.15,92.08,400.1
me-south-1,1000,20,50000,585,0.5558,13.34,93.38,405.76
me-south-1,1000,120,50000,680,0.5621,13.49,94.44,410.36
Asia Pacific (Malaysia),30,0,60,7,0.0036,0.09,0.6,2.59
Asia Pacific (Malaysia),30,10,1800,14,0.0036,0.09,0.6,2.59
Asia Pacific (Malaysia),30,20,2250,17,0.0036,0.09,0.6,2.59
Asia Pacific (Malaysia),30,120,6750,52,0.0313,0.75,5.26,22.84
Asia Pacific (Malaysia),200,0,400,46,0.0237,0.57,3.98,17.28
Asia Pacific (Malaysia),200,10,12000,93,0.0902,2.17,15.16,65.88
Asia Pacific (Malaysia),200,20,15000,117,0.1124,2.7,18.89,82.08
Asia Pacific (Malaysia),200,120,45000,351,0.3477,8.35,58.42,253.84
Asia Pacific (Malaysia),1000,0,2000,234,0.1248,3.0,20.97,91.11
Asia Pacific (Malaysia),1000,10,50000,468,0.4863,11.67,81.7,355.02
Asia Pacific (Malaysia),1000,20,50000,585,0.4932,11.84,82.87,360.07
Asia Pacific (Malaysia),1000,120,50000,680,0.4989,11.97,83.81,364.18
Asia Pacific (New Zealand),30,0,60,7,0.0041,0.1,0.7,3.02
Asia Pacific (New Zealand),30,10,1800,14,0.0041,0.1,0.7,3.02
Asia Pacific (New Zealand),30,20,2250,17,0.0041,0.1,0.7,3.02
Asia Pacific (New Zealand),30,120,6750,52,0.0365,0.88,6.13,26.65
Asia Pacific (New Zealand),200,0,400,46,0.0276,0.66,4.64,20.16
Asia Pacific (New Zealand),200,10,12000,93,0.1053,2.53,17.69,76.86
Asia Pacific (New Zealand),200,20,15000,117,0.1312,3.15,22.04,95.76
Asia Pacific (New Zealand),200,120,45000,351,0.4057,9.74,68.16,296.15
Asia Pacific (New Zealand),1000,0,2000,234,0.1456,3.49,24.46,106.29
Asia Pacific (New Zealand),1000,10,50000,468,0.5674,13.62,95.32,414.19
Asia Pacific (New Zealand),1000,20,50000,585,0.5755,13.81,96.68,420.08
Asia Pacific (New Zealand),1000,120,50000,680,0.582,13.97,97.78,424.87
Asia Pacific (Taipei),30,0,60,7,0.0036,0.09,0.6,2.59
Asia Pacific (Taipei),30,10,1800,14,0.0036,0.09,0.6,2.59
Asia Pacific (Taipei),30,20,2250,17,0.0036,0.09,0.6,2.59
Asia Pacific (Taipei),30,120,6750,52,0.0313,0.75,5.26,22.84
Asia Pacific (Taipei),200,0,400,46,0.0237,0.57,3.98,17.28
Asia Pacific (Taipei),200,10,12000,93,0.0902,2.17,15.16,65.88
Asia Pacific (Taipei),200,20,15000,117,0.1124,2.7,18.89,82.08
Asia Pacific (Taipei),200,120,45000,351,0.3477,8.35,58.42,253.84
Asia Pacific (Taipei),1000,0,2000,234,0.1248,3.0,20.97,91.11
Asia Pacific (Taipei),1000,10,50000,468,0.4863,11.67,81.7,355.02
Asia Pacific (Taipei),1000,20,50000,585,0.4932,11.84,82.87,360.07
Asia Pacific (Taipei),1000,120,50000,680,0.4989,11.97,83.81,364.18
Asia Pacific (Thailand),30,0,60,7,0.0036,0.09,0.6,2.59
Asia Pacific (Thailand),30,10,1800,14,0.0036,0.09,0.6,2.59
Asia Pacific (Thailand),30,20,2250,17,0.0036,0.09,0.6,2.59
Asia Pacific (Thailand),30,120,6750,52,0.0313,0.75,5.26,22.84
Asia Pacific (Thailand),200,0,400,46,0.0237,0.57,3.98,17.28
Asia Pacific (Thailand),200,10,12000,93,0.0902,2.17,15.16,65.88
Asia Pacific (Thailand),200,20,15000,117,0.1124,2.7,18.89,82.08
Asia Pacific (Thailand),200,120,45000,351,0.3477,8.35,58.42,253.84
Asia Pacific (Thailand),1000,0,2000,234,0.1248,3.0,20.97,91.11
Asia Pacific (Thailand),1000,10,50000,468,0.4863,11.67,81.7,355.02
Asia Pacific (Thailand),1000,20,50000,585,0.4932,11.84,82.87,360.07
Asia Pacific (Thailand),1000,120,50000,680,0.4989,11.97,83.81,364.18
EU (Frankfurt),30,0,60,7,0.0039,0.09,0.66,2.86
EU (Frankfurt),30,10,1800,14,0.0039,0.09,0.66,2.86
EU (Frankfurt),30,20,2250,17,0.0039,0.09,0.66,2.86
EU (Frankfurt),30,120,6750,52,0.0347,0.83,5.84,25.36
EU (Frankfurt),200,0,400,46,0.0261,0.63,4.38,19.04
EU (Frankfurt),200,10,12000,93,0.1001,2.4,16.81,73.04
EU (Frankfurt),200,20,15000,117,0.1247,2.99,20.95,91.04
EU (Frankfurt),200,120,45000,351,0.386,9.26,64.85,281.8
EU (Frankfurt),1000,0,2000,234,0.1375,3.3,23.1,100.39
EU (Frankfurt),1000,10,50000,468,0.5391,12.94,90.57,393.53
EU (Frankfurt),1000,20,50000,585,0.5467,13.12,91.85,399.1
EU (Frankfurt),1000,120,50000,680,0.5529,13.27,92.89,403.62
EU (Ireland),30,0,60,7,0.0036,0.09,0.61,2.64
EU (Ireland),30,10,1800,14,0.0036,0.09,0.61,2.64
EU (Ireland),30,20,2250,17,0.0036,0.09,0.61,2.64
EU (Ireland),30,120,6750,52,0.0319,0.76,5.35,23.27
EU (Ireland),200,0,400,46,0.0241,0.58,4.05,17.6
EU (Ireland),200,10,12000,93,0.0919,2.21,15.44,67.1
EU (Ireland),200,20,15000,117,0.1145,2.75,19.24,83.6
EU (Ireland),200,120,45000,351,0.3542,8.5,59.5,258.54
EU (Ireland),1000,0,2000,234,0.1271,3.05,21.36,92.8
EU (Ireland),1000,10,50000,468,0.4953,11.89,83.22,361.59
EU (Ireland),1000,20,50000,585,0.5024,12.06,84.4,366.74
EU (Ireland),1000,120,50000,680,0.5081,12.19,85.36,370.92
EU (London),30,0,60,7,0.0038,0.09,0.64,2.78
EU (London),30,10,1800,14,0.0038,0.09,0.64,2.78
EU (London),30,20,2250,17,0.0038,0.09,0.64,2.78
EU (London),30,120,6750,52,0.0336,0.81,5.65,24.53
EU (London),200,0,400,46,0.0254,0.61,4.27,18.56
EU (London),200,10,12000,93,0.0969,2.33,16.28,70.76
EU (London),200,20,15000,117,0.1208,2.9,20.29,88.16
EU (London),200,120,45000,351,0.3735,8.96,62.75,272.65
EU (London),1000,0,2000,234,0.1341,3.22,22.52,97.86
EU (London),1000,10,50000,468,0.5223,12.54,87.75,381.32
EU (London),1000,20,50000,585,0.5298,12.71,89.0,386.74
EU (London),1000,120,50000,680,0.5358,12.86,90.02,391.15
EU (Milan),30,0,60,7,0.0038,0.09,0.64,2.77
EU (Milan),30,10,1800,14,0.0038,0.09,0.64,2.77
EU (Milan),30,20,2250,17,0.0038,0.09,0.64,2.77
EU (Milan),30,120,6750,52,0.0336,0.81,5.64,24.52
EU (Milan),200,0,400,46,0.0253,0.61,4.25,18.48
EU (Milan),200,10,12000,93,0.0968,2.32,16.27,70.68
EU (Milan),200,20,15000,117,0.1207,2.9,20.27,88.08
EU (Milan),200,120,45000,351,0.3733,8.96,62.72,272.52
EU (Milan),1000,0,2000,234,0.1335,3.2,22.42,97.44
EU (Milan),1000,10,50000,468,0.5217,12.52,87.65,380.85
EU (Milan),1000,20,50000,585,0.5291,12.7,88.89,386.25
EU (Milan),1000,120,50000,680,0.5351,12.84,89.9,390.64
EU (Paris),30,0,60,7,0.0038,0.09,0.64,2.78
EU (Paris),30,10,1800,14,0.0038,0.09,0.64,2.78
EU (Paris),30,20,2250,17,0.0038,0.09,0.64,2.78
EU (Paris),30,120,6750,52,0.0336,0.81,5.65,24.53
EU (Paris),200,0,400,46,0.0254,0.61,4.27,18.56
EU (Paris),200,10,12000,93,0.0969,2.33,16.28,70.76
EU (Paris),200,20,15000,117,0.1208,2.9,20.29,88.16
EU (Paris),200,120,45000,351,0.3735,8.96,62.75,272.65
EU (Paris),1000,0,2000,234,0.1341,3.22,22.52,97.86
EU (Paris),1000,10,50000,468,0.5223,12.54,87.75,381.32
EU (Paris),1000,20,50000,585,0.5298,12.71,89.0,386.74
EU (Paris),1000,120,50000,680,0.5358,12.86,90.02,391.15
EU (Stockholm),30,0,60,7,0.0034,0.08,0.58,2.51
EU (Stockholm),30,10,1800,14,0.0034,0.08,0.58,2.51
EU (Stockholm),30,20,2250,17,0.0034,0.08,0.58,2.51
EU (Stockholm),30,120,6750,52,0.0301,0.72,5.06,22.01
EU (Stockholm),200,0,400,46,0.0229,0.55,3.85,16.72
EU (Stockholm),200,10,12000,93,0.087,2.09,14.62,63.52
EU (Stockholm),200,20,15000,117,0.1084,2.6,18.21,79.12
EU (Stockholm),200,120,45000,351,0.335,8.04,56.28,244.57
EU (Stockholm),1000,0,2000,234,0.1208,2.9,20.29,88.16
EU (Stockholm),1000,10,50000,468,0.469,11.25,78.78,342.34
EU (Stockholm),1000,20,50000,585,0.4757,11.42,79.91,347.23
EU (Stockholm),1000,120,50000,680,0.4811,11.55,80.82,351.2
Mexico (Central),30,0,60,7,0.0035,0.08,0.58,2.52
Mexico (Central),30,10,1800,14,0.0035,0.08,0.58,2.52
Mexico (Central),30,20,2250,17,0.0035,0.08,0.58,2.52
Mexico (Central),30,120,6750,52,0.0307,0.74,5.15,22.39
Mexico (Central),200,0,400,46,0.023,0.55,3.87,16.8
Mexico (Central),200,10,12000,93,0.0884,2.12,14.84,64.5
Mexico (Central),200,20,15000,117,0.1101,2.64,18.5,80.4
Mexico (Central),200,120,45000,351,0.3409,8.18,57.28,248.89
Mexico (Central),1000,0,2000,234,0.1213,2.91,20.39,88.58
Mexico (Central),1000,10,50000,468,0.476,11.42,79.97,347.51
Mexico (Central),1000,20,50000,585,0.4828,11.59,81.1,352.42
Mexico (Central),1000,120,50000,680,0.4882,11.72,82.02,356.41
South America (Sao Paulo),30,0,60,7,0.0062,0.15,1.05,4.56
South America (Sao Paulo),30,10,1800,14,0.0062,0.15,1.05,4.56
South America (Sao Paulo),30,20,2250,17,0.0062,0.15,1.05,4.56
South America (Sao Paulo),30,120,6750,52,0.055,1.32,9.25,40.19
South America (Sao Paulo),200,0,400,46,0.0416,1.0,7.0,30.4
South America (Sao Paulo),200,10,12000,93,0.1588,3.81,26.67,115.9
South America (Sao Paulo),200,20,15000,117,0.1978,4.75,33.23,144.4
South America (Sao Paulo),200,120,45000,351,0.6117,14.68,102.77,446.58
South America (Sao Paulo),1000,0,2000,234,0.2196,5.27,36.89,160.28
South America (Sao Paulo),1000,10,50000,468,0.8556,20.53,143.74,624.57
South America (Sao Paulo),1000,20,50000,585,0.8678,20.83,145.78,633.46
South America (Sao Paulo),1000,120,50000,680,0.8776,21.06,147.44,640.68
us-east-1,30,0,60,7,0.0033,0.08,0.55,2.4
us-east-1,30,10,1800,14,0.0033,0.08,0.55,2.4
us-east-1,30,20,2250,17,0.0033,0.08,0.55,2.4
us-east-1,30,120,6750,52,0.029,0.7,4.87,21.15
us-east-1,200,0,400,46,0.0219,0.53,3.68,16.0
us-east-1,200,10,12000,93,0.0836,2.01,14.04,61.0
us-east-1,200,20,15000,117,0.1041,2.5,17.49,76.0
us-east-1,200,120,45000,351,0.322,7.73,54.09,235.04
us-east-1,1000,0,2000,234,0.1156,2.77,19.41,84.36
us-east-1,1000,10,50000,468,0.4503,10.81,75.65,328.72
us-east-1,1000,20,50000,585,0.4567,10.96,76.73,333.4
us-east-1,1000,120,50000,680,0.4619,11.09,77.6,337.2
us-east-2,30,0,60,7,0.0033,0.08,0.55,2.4
us-east-2,30,10,1800,14,0.0033,0.08,0.55,2.4
us-east-2,30,20,2250,17,0.0033,0.08,0.55,2.4
us-east-2,30,120,6750,52,0.029,0.7,4.87,21.15
us-east-2,200,0,400,46,0.0219,0.53,3.68,16.0
us-east-2,200,10,12000,93,0.0836,2.01,14.04,61.0
us-east-2,200,20,15000,117,0.1041,2.5,17.49,76.0
us-east-2,200,120,45000,351,0.322,7.73,54.09,235.04
us-east-2,1000,0,2000,234,0.1156,2.77,19.41,84.36
us-east-2,1000,10,50000,468,0.4503,10.81,75.65,328.72
us-east-2,1000,20,50000,585,0.4567,10.96,76.73,333.4
us-east-2,1000,120,50000,680,0.4619,11.09,77.6,337.2
us-west-1,30,0,60,7,0.0039,0.09,0.66,2.88
us-west-1,30,10,1800,14,0.0039,0.09,0.66,2.88
us-west-1,30,20,2250,17,0.0039,0.09,0.66,2.88
us-west-1,30,120,6750,52,0.0348,0.83,5.84,25.38
us-west-1,200,0,400,46,0.0263,0.63,4.42,19.2
us-west-1,200,10,12000,93,0.1003,2.41,16.85,73.2
us-west-1,200,20,15000,117,0.1249,3.0,20.99,91.2
us-west-1,200,120,45000,351,0.3864,9.27,64.91,282.05
us-west-1,1000,0,2000,234,0.1387,3.33,23.3,101.23
us-west-1,1000,10,50000,468,0.5404,12.97,90.78,394.46
us-west-1,1000,20,50000,585,0.5481,13.15,92.07,400.08
us-west-1,1000,120,50000,680,0.5543,13.3,93.12,404.64
us-west-2,30,0,60,7,0.0033,0.08,0.55,2.4
us-west-2,30,10,1800,14,0.0033,0.08,0.55,2.4
us-west-2,30,20,2250,17,0.0033,0.08,0.55,2.4
us-west-2,30,120,6750,52,0.029,0.7,4.87,21.15
us-west-2,200,0,400,46,0.0219,0.53,3.68,16.0
us-west-2,200,10,12000,93,0.0836,2.01,14.04,61.0
us-west-2,200,20,15000,117,0.1041,2.5,17.49,76.0
us-west-2,200,120,45000,351,0.322,7.73,54.09,235.04
us-west-2,1000,0,2000,234,0.1156,2.77,19.41,84.36
us-west-2,1000,10,50000,468,0.4503,10.81,75.65,328.72
us-west-2,1000,20,50000,585,0.4567,10.96,76.73,333.4
us-west-2,1000,120,50000,680,0.4619,11.09,77.6,337.2
